,timestamp_start,timestamp_stop,start_y,start_x,stop_y,stop_x
0,2016-11-07 06:00:14,2016-11-07 06:13:44,5333130.31972836,689501.688275121,5334975.31544103,690339.161063836
1,2016-11-07 06:00:41,2016-11-07 06:13:38,5334962.48218758,694585.714873681,5335156.16367809,690359.200480597
2,2016-11-07 06:01:20,2016-11-07 06:14:44,5336198.34901424,688968.222659489,5335173.75866538,690343.767675003
3,2016-11-07 06:01:41,2016-11-07 06:22:44,5343826.32145245,689859.856124864,5335149.87295014,690360.621888302
4,2016-11-07 06:01:47,2016-11-07 06:10:29,5332155.2230385,688735.61571038,5334940.208833,690345.329182264
5,2016-11-07 06:03:17,2016-11-07 06:17:55,5334766.95771113,682700.966662651,5336487.40334434,688234.072448569
6,2016-11-07 06:04:05,2016-11-07 06:28:47,5337537.52565087,691228.994000739,5359312.35934649,706284.663507281
7,2016-11-07 06:04:20,2016-11-07 06:12:32,5337441.19989633,691597.04609882,5335148.10942829,690362.04410416
8,2016-11-07 06:04:32,2016-11-07 06:35:31,5335208.18654941,692750.312712397,5355349.35463118,695000.489300843
9,2016-11-07 06:04:50,2016-11-07 06:25:26,5334446.45966226,690988.604915394,5328538.44702313,685221.774531864
10,2016-11-07 06:04:53,2016-11-07 06:14:26,5337292.00370753,691468.016386341,5334980.32903022,690326.57068176
11,2016-11-07 06:05:02,2016-11-07 06:33:53,5338602.09559745,695872.205159092,5335159.74109614,690357.869383665
12,2016-11-07 06:05:44,2016-11-07 06:34:23,5334110.1787228,700685.561426772,5334989.70575272,690336.258041041
13,2016-11-07 06:05:56,2016-11-07 06:17:23,5337642.57077188,690931.537828164,5338857.0753094,693122.256461866
14,2016-11-07 06:06:11,2016-11-07 06:15:08,5337302.89745184,691468.863003195,5335161.79679978,690365.224539701
15,2016-11-07 06:06:26,2016-11-07 06:38:02,5334690.7282827,690140.149272907,5359335.04190789,706733.835889224
16,2016-11-07 06:06:32,2016-11-07 06:41:11,5332494.24193405,699766.107478092,5333906.49907819,690109.089732715
17,2016-11-07 06:06:35,2016-11-07 06:29:20,5339559.1608534,695659.677374899,5359337.00377198,706289.95484825
18,2016-11-07 06:06:38,2016-11-07 06:42:55,5326626.43418798,678314.486382238,5356879.74272217,699822.444623809
19,2016-11-07 06:07:11,2016-11-07 06:11:29,5351916.12368047,679242.339866024,5349050.73862692,680762.410190791
20,2016-11-07 06:07:52,2016-11-07 06:29:11,5337253.63587532,679691.45976817,5335167.18308613,690363.833227542
21,2016-11-07 06:07:59,2016-11-07 06:15:26,5336135.69947435,696299.275637286,5337751.23678069,695193.062741486
22,2016-11-07 06:08:02,2016-11-07 06:36:08,5332070.53486662,686149.33748611,5334963.80249613,690319.696838098
23,2016-11-07 06:08:29,2016-11-07 06:48:41,5337716.8279017,688010.053982802,5359746.59582376,706221.952940516
24,2016-11-07 06:08:41,2016-11-07 06:37:14,5333466.20179761,697243.909825489,5335198.34453372,690347.948883416
25,2016-11-07 06:08:50,2016-11-07 06:31:53,5337019.47716072,695745.308726651,5335170.55398209,690356.297455919
26,2016-11-07 06:09:05,2016-11-07 06:21:23,5331109.06408371,692450.116002112,5334967.58640834,690324.570633075
27,2016-11-07 06:09:32,2016-11-07 06:20:05,5332816.79127411,690557.550118263,5334909.94959038,690333.912587136
28,2016-11-07 06:09:52,2016-11-07 06:21:19,5334889.99830337,693917.863140818,5335149.83265122,690359.411217388
29,2016-11-07 06:09:59,2016-11-07 06:19:29,5336421.40338483,691832.237249032,5335153.16325611,690350.664749273
30,2016-11-07 06:10:56,2016-11-07 06:43:23,5336060.51726528,695796.782163918,5359510.37988021,706674.332312592
31,2016-11-07 06:11:02,2016-11-07 06:20:59,5335105.55201151,693518.44294795,5335189.09598425,690369.315341577
32,2016-11-07 06:11:17,2016-11-07 06:22:38,5337454.72425924,690131.388113591,5335217.58219492,689700.709499648
33,2016-11-07 06:12:20,2016-11-07 06:42:41,5337135.27945326,690842.925902766,5359503.45718474,706683.185730998
34,2016-11-07 06:12:41,2016-11-07 06:24:20,5330983.91639821,689375.360618004,5334977.29051237,690344.09503862
35,2016-11-07 06:12:59,2016-11-07 06:26:29,5335262.74185502,692515.156860205,5339541.40605137,689875.900432495
36,2016-11-07 06:13:11,2016-11-07 06:26:26,5336391.33090728,690988.185436841,5335159.82169396,690360.290728718
37,2016-11-07 06:14:08,2016-11-07 06:43:08,5335969.47003061,688562.711845313,5359336.79871249,706782.061494812
38,2016-11-07 06:14:08,2016-11-07 06:36:49,5332033.88529575,699963.497244719,5334964.58818898,690343.305743932
39,2016-11-07 06:14:43,2016-11-07 06:58:41,5331921.94925721,687947.349020434,5359516.11932838,706682.724605218
40,2016-11-07 06:15:08,2016-11-07 06:43:35,5334574.02906228,693142.918677518,5359332.82683279,706722.749600902
41,2016-11-07 06:15:53,2016-11-07 06:55:50,5331047.4717787,689380.687552172,5359532.8975535,706670.947010768
42,2016-11-07 06:15:59,2016-11-07 06:41:14,5328404.12375164,686801.656653614,5333784.98974272,693720.731840565
43,2016-11-07 06:17:29,2016-11-07 06:22:08,5337882.08542404,692484.053338375,5338873.64654489,693130.326608649
44,2016-11-07 06:17:38,2016-11-07 06:52:08,5341215.40921841,688998.312453474,5335215.74618955,682465.618778388
45,2016-11-07 06:17:44,2016-11-07 06:53:17,5337644.7245768,690371.906925046,5359757.80504742,706231.353609163
46,2016-11-07 06:18:05,2016-11-07 06:23:29,5336202.8040256,689949.613412324,5335164.88057264,690349.062723507
47,2016-11-07 06:19:05,2016-11-07 06:33:26,5329581.94937203,685796.715849362,5334768.80799827,685011.679154938
48,2016-11-07 06:19:17,2016-11-07 06:24:14,5348606.83064858,682372.233331887,5349501.29070097,679464.527871823
49,2016-11-07 06:19:32,2016-11-07 06:53:14,5336920.68134644,691573.451624035,5359324.27235662,706761.391121815
50,2016-11-07 06:19:38,2016-11-07 06:27:20,5336938.55169486,690564.152595725,5335195.50761433,690371.525921276
51,2016-11-07 06:20:14,2016-11-07 06:39:56,5333759.87068941,693084.785283636,5331877.03957057,693180.608078525
52,2016-11-07 06:20:35,2016-11-07 06:31:35,5331727.64624474,692050.484629849,5334958.13124463,690339.732969806
53,2016-11-07 06:20:35,2016-11-07 06:59:11,5333836.14577196,690389.49669627,5358821.83783028,706667.259543235
54,2016-11-07 06:21:50,2016-11-07 06:37:38,5336527.51540419,691621.466876983,5335160.93040472,690339.195101446
55,2016-11-07 06:22:50,2016-11-07 06:39:08,5331982.35050371,684150.685788906,5330206.34530624,687951.508302895
56,2016-11-07 06:22:56,2016-11-07 06:38:32,5337096.85499431,694750.123228903,5338875.33269664,693126.635750083
57,2016-11-07 06:24:01,2016-11-07 06:41:50,5334384.63329604,681754.926078997,5335319.40749147,686214.995232978
58,2016-11-07 06:24:26,2016-11-07 06:58:44,5336564.5491048,690453.783772624,5359516.2565334,706686.492107111
59,2016-11-07 06:24:41,2016-11-07 06:38:23,5330512.95381106,688520.176859354,5334884.75142654,690338.538883925
60,2016-11-07 06:24:47,2016-11-07 06:37:11,5334241.24604781,691837.04608783,5334989.16685544,690320.064820992
61,2016-11-07 06:25:41,2016-11-07 06:53:44,5339915.24960496,686465.803464377,5359326.72081261,706729.159108847
62,2016-11-07 06:25:41,2016-11-07 07:02:17,5339263.64629414,695306.27534762,5359528.50819967,706699.626899136
63,2016-11-07 06:26:02,2016-11-07 06:31:17,5333672.99007212,690111.848181363,5335167.38962665,690370.037912137
64,2016-11-07 06:26:48,2016-11-07 06:45:02,5329392.33116272,699569.47158991,5333793.48611634,693757.724512075
65,2016-11-07 06:27:22,2016-11-07 06:39:23,5335787.22206819,687425.811100852,5335164.88057264,690349.062723507
66,2016-11-07 06:27:44,2016-11-07 07:06:56,5333388.77988715,689869.268109008,5359515.76260668,706672.929089837
67,2016-11-07 06:28:20,2016-11-07 07:04:23,5333444.96422625,691825.254011883,5359522.58329075,706711.009284388
68,2016-11-07 06:28:29,2016-11-07 06:59:23,5328125.66178196,686619.314925706,5337632.37176737,688222.413120063
69,2016-11-07 06:28:44,2016-11-07 06:42:29,5336050.56480658,689673.076237038,5335159.57486639,690352.875359939
70,2016-11-07 06:28:47,2016-11-07 07:06:05,5336859.55119486,683727.048999267,5359543.80021548,706671.908070998
71,2016-11-07 06:28:50,2016-11-07 06:41:14,5337679.36535477,691516.976493407,5338869.81917824,693124.248178946
72,2016-11-07 06:29:11,2016-11-07 06:37:53,5333074.12085975,690671.894790369,5334966.35675261,690342.034825165
73,2016-11-07 06:29:14,2016-11-07 06:44:44,5334071.13640198,687000.367178452,5335239.16663641,689750.896827338
74,2016-11-07 06:30:05,2016-11-07 07:14:53,5332622.87096407,691312.762897979,5359337.38875803,706748.539087526
75,2016-11-07 06:30:11,2016-11-07 06:43:26,5333487.82013291,689988.884478065,5335160.44132357,690378.904806031
76,2016-11-07 06:30:50,2016-11-07 06:42:38,5337200.42412928,690949.945411702,5335157.89193925,690356.71892444
77,2016-11-07 06:30:53,2016-11-07 07:02:59,5337529.81569839,690998.455970496,5359742.9342548,706220.878852429
78,2016-11-07 06:31:11,2016-11-07 06:57:50,5335308.12705062,693296.905080144,5359328.97982764,706741.451052989
79,2016-11-07 06:31:47,2016-11-07 06:47:35,5333570.82131044,689925.359891711,5335233.28312215,689737.305716324
80,2016-11-07 06:32:11,2016-11-07 06:40:17,5335916.4362091,693077.740831304,5335157.93223765,690357.929593632
81,2016-11-07 06:32:20,2016-11-07 06:43:17,5336089.92596979,693816.429853806,5335164.71435047,690344.068704476
82,2016-11-07 06:32:20,2016-11-07 06:49:35,5339120.18746667,685461.12615079,5334567.05494436,687822.006601199
83,2016-11-07 06:32:23,2016-11-07 07:00:23,5334016.55399822,691778.814623475,5359750.30120196,706224.232572665
84,2016-11-07 06:33:02,2016-11-07 06:40:08,5331690.85432472,692060.35988714,5331799.72417391,693143.346949787
85,2016-11-07 06:34:05,2016-11-07 07:06:08,5334999.67214628,688834.21886281,5359755.95236233,706230.213800959
86,2016-11-07 06:34:23,2016-11-07 06:45:02,5330391.50038191,687827.319397761,5333085.01642723,690890.077614486
87,2016-11-07 06:34:32,2016-11-07 06:40:50,5334639.55552538,690778.670666607,5334967.58640834,690324.570633075
88,2016-11-07 06:34:34,2016-11-07 07:09:01,5331674.87839622,694377.203433718,5359328.97982764,706741.451052989
89,2016-11-07 06:34:35,2016-11-07 06:44:08,5333635.5442222,690755.024640377,5334904.44242149,690331.671727482
90,2016-11-07 06:34:44,2016-11-07 06:54:53,5333543.47394589,686950.635926683,5334884.57426825,693329.706309473
91,2016-11-07 06:35:02,2016-11-07 07:00:44,5340991.27459517,696597.488892479,5359517.39039264,706667.890118918
92,2016-11-07 06:35:35,2016-11-07 06:56:56,5333738.4826243,697393.506759262,5335974.43895331,695768.673801873
93,2016-11-07 06:35:38,2016-11-07 07:02:17,5335287.37335746,692359.188121955,5331592.19744705,684011.807322852
94,2016-11-07 06:35:41,2016-11-07 07:25:47,5333019.99500306,698141.01166339,5359736.60318282,706221.108917051
95,2016-11-07 06:36:14,2016-11-07 06:40:35,5335931.74603447,688983.245421007,5335151.76744492,690363.13435995
96,2016-11-07 06:36:41,2016-11-07 07:14:14,5333988.83831526,694817.512244388,5359756.08927143,706233.981134934
97,2016-11-07 06:37:56,2016-11-07 06:47:23,5343930.62133306,689919.463068849,5342698.29130643,692163.186541769
98,2016-11-07 06:38:14,2016-11-07 07:11:38,5333211.09554406,692975.388096604,5359517.028209,706657.943906733
99,2016-11-07 06:38:14,2016-11-07 06:55:44,5330844.1711594,694205.411448549,5333693.19028078,693951.012073834
100,2016-11-07 06:38:41,2016-11-07 07:10:50,5330473.93240023,698147.108007774,5334968.24619962,690344.396049882
101,2016-11-07 06:38:47,2016-11-07 06:51:32,5332874.58753254,685733.399444191,5334985.26208169,690311.558911594
102,2016-11-07 06:38:53,2016-11-07 07:08:35,5336884.21603835,690645.327533921,5359529.10418705,706666.25635802
103,2016-11-07 06:39:02,2016-11-07 06:51:56,5336433.4854059,686589.468759778,5335151.60121076,690358.140329135
104,2016-11-07 06:39:08,2016-11-07 06:45:14,5336069.71431465,688966.264089062,5335170.01501435,690340.104746568
105,2016-11-07 06:39:21,2016-11-07 06:47:56,5336965.18318233,692197.783633242,5334782.04139155,693323.323419466
106,2016-11-07 06:39:26,2016-11-07 06:51:05,5334682.36859237,693722.619738675,5336789.54522779,695191.072717582
107,2016-11-07 06:40:17,2016-11-07 07:00:29,5334016.59459151,691780.025549867,5335153.49067818,690360.501466588
108,2016-11-07 06:40:22,2016-11-07 07:11:56,5336021.75752784,689486.957857012,5359714.25424038,706254.061386334
109,2016-11-07 06:40:23,2016-11-07 06:58:38,5336095.17172869,688887.262357208,5338361.13293398,692593.293154625
110,2016-11-07 06:40:26,2016-11-07 06:46:02,5331873.71312792,693189.361265676,5333736.54486285,693064.356043344
111,2016-11-07 06:41:09,2016-11-07 07:21:40,5332986.28935675,690807.587773932,5359307.62692134,706403.597458562
112,2016-11-07 06:41:38,2016-11-07 07:09:41,5342912.70454885,690863.108020141,5335162.49246302,690331.719533082
113,2016-11-07 06:41:50,2016-11-07 06:55:14,5333012.0201816,695035.688630508,5340381.75755156,692098.609671072
114,2016-11-07 06:42:29,2016-11-07 06:59:59,5331690.27968065,694936.70549048,5334492.14664947,690865.408360083
115,2016-11-07 06:42:53,2016-11-07 06:51:44,5336383.65965479,690432.545995256,5335172.36284061,690356.237246227
116,2016-11-07 06:43:01,2016-11-07 06:54:16,5333178.71108607,688938.89189808,5334963.02612794,690350.781562206
117,2016-11-07 06:43:32,2016-11-07 07:01:05,5331489.75618513,693670.477741517,5336822.36296121,695197.525532806
118,2016-11-07 06:43:56,2016-11-07 07:10:05,5337447.44926674,692295.301899078,5334037.36185002,687545.13834406
119,2016-11-07 06:44:29,2016-11-07 07:16:23,5329496.17059095,685831.797129166,5334975.27514739,690337.950348639
120,2016-11-07 06:45:35,2016-11-07 07:04:47,5334737.74608173,693164.663992565,5335708.28482036,694337.032019823
121,2016-11-07 06:45:50,2016-11-07 07:11:50,5338785.81160444,695552.165117788,5335184.58648581,690451.427576578
122,2016-11-07 06:46:47,2016-11-07 07:27:41,5335960.45320536,688069.047586154,5359333.05188827,706728.928507537
123,2016-11-07 06:47:05,2016-11-07 06:51:47,5334959.89982016,690338.462050574,5333852.323659,690766.43627678
124,2016-11-07 06:47:23,2016-11-07 07:07:23,5335681.65794867,691237.765202382,5339715.80633008,684898.674061406
125,2016-11-07 06:47:38,2016-11-07 06:58:20,5334726.39217716,689659.882839904,5336419.94238169,689508.143288123
126,2016-11-07 06:47:47,2016-11-07 06:56:50,5335583.94919784,689007.163163802,5334751.04819912,690565.106075728
127,2016-11-07 06:48:11,2016-11-07 07:00:13,5332987.70932417,690687.201829297,5334971.34011774,690328.536397302
128,2016-11-07 06:48:20,2016-11-07 06:52:26,5336353.31327096,690010.350211678,5335153.61661422,690364.284818229
129,2016-11-07 06:48:23,2016-11-07 06:57:35,5335215.53721095,696610.262012397,5335410.25653055,700626.314515807
130,2016-11-07 06:48:32,2016-11-07 06:59:08,5333243.11714603,691611.052637246,5334984.31946028,690337.649346892
131,2016-11-07 06:48:44,2016-11-07 06:58:08,5335513.86026266,690578.16844137,5334046.12336081,687536.214245922
132,2016-11-07 06:49:22,2016-11-07 07:08:01,5333337.96146963,691739.424762227,5334971.78333802,690341.854220875
133,2016-11-07 06:50:35,2016-11-07 06:59:59,5337802.70431504,692492.936331169,5334547.17207583,693125.187999082
134,2016-11-07 06:50:38,2016-11-07 07:16:44,5337910.83115112,692504.134361006,5336375.67350003,702964.15313954
135,2016-11-07 06:50:59,2016-11-07 07:03:50,5335462.31955197,696255.428275916,5336227.18077285,697037.068908052
136,2016-11-07 06:51:03,2016-11-07 07:11:29,5332980.8326057,696822.434405463,5334966.19054145,690337.040640324
137,2016-11-07 06:51:50,2016-11-07 07:34:17,5333462.61811666,696270.698912405,5359535.02472872,706679.6217194
138,2016-11-07 06:52:22,2016-11-07 06:54:16,5334165.38381372,691302.109973458,5334501.52427903,690875.095785196
139,2016-11-07 06:52:32,2016-11-07 07:02:05,5333696.47445053,691305.363615957,5334964.58818898,690343.305743932
140,2016-11-07 06:53:18,2016-11-07 07:04:59,5336355.19853345,690882.302213645,5338992.68561976,688590.60915072
141,2016-11-07 06:53:23,2016-11-07 07:07:41,5341179.5811804,694614.598709146,5339522.41743169,693545.010437127
142,2016-11-07 06:53:41,2016-11-07 07:08:26,5331982.02106332,694862.191506299,5334670.00825455,700768.970000521
143,2016-11-07 06:53:44,2016-11-07 07:41:38,5334733.21304138,687007.358464991,5359313.43292491,706712.439882354
144,2016-11-07 06:53:50,2016-11-07 07:27:02,5336401.31563304,694693.083516264,5359325.2742391,706739.171547257
145,2016-11-07 06:53:53,2016-11-07 07:07:44,5337603.94160827,692586.560065093,5334792.15891126,693327.981564058
146,2016-11-07 06:53:56,2016-11-07 07:29:35,5337134.84882175,691101.01285512,5359556.81906996,706681.242409899
147,2016-11-07 06:54:13,2016-11-07 07:04:05,5340272.80001898,691981.93578485,5340154.37364675,689056.904424768
148,2016-11-07 06:54:30,2016-11-07 07:11:26,5339914.19000904,692115.097721541,5334978.97346204,690340.251369331
149,2016-11-07 06:54:31,2016-11-07 07:22:26,5335981.42210338,690778.899347164,5359770.19886667,706223.509497307
150,2016-11-07 06:54:40,2016-11-07 07:10:28,5332384.18080933,685631.398413843,5333602.5861073,676615.047253925
151,2016-11-07 06:55:20,2016-11-07 07:14:02,5331894.65981778,685975.134377999,5335833.3917953,683066.313037506
152,2016-11-07 06:55:20,2016-11-07 07:18:11,5333294.48006947,691089.201681319,5330737.054061,696031.184752971
153,2016-11-07 06:55:29,2016-11-07 07:29:08,5335581.49376099,688932.864150539,5359324.38544479,706291.620709056
154,2016-11-07 06:55:35,2016-11-07 07:07:50,5336675.81929038,691777.805652234,5335177.16988143,690337.44259004
155,2016-11-07 06:55:50,2016-11-07 07:08:05,5336316.17760041,694053.248477222,5335153.74255302,690368.068177291
156,2016-11-07 06:55:53,2016-11-07 07:14:53,5339605.07238247,684217.76348983,5335987.40195713,683125.904684938
157,2016-11-07 06:55:59,2016-11-07 07:42:59,5334455.70726044,694194.581980994,5359528.19535527,706691.037007436
158,2016-11-07 06:56:20,2016-11-07 07:32:17,5343373.50601972,689503.076051867,5331821.45067873,693170.052958551
159,2016-11-07 06:56:35,2016-11-07 07:42:49,5335544.34549789,687308.343610309,5359327.06664302,706738.65354373
160,2016-11-07 06:56:38,2016-11-07 07:23:38,5337578.4104998,691665.591807473,5359517.92821241,706682.658729808
161,2016-11-07 06:57:14,2016-11-07 07:32:02,5341046.60591702,689968.417522977,5359513.95373374,706672.994961699
162,2016-11-07 06:57:20,2016-11-07 07:15:50,5337474.83830998,691384.957717557,5335168.78541085,690357.568332858
163,2016-11-07 06:57:25,2016-11-07 07:43:17,5333499.48709071,690339.929942049,5359534.84362399,706674.648628486
164,2016-11-07 06:57:44,2016-11-07 07:06:35,5334295.08810388,691903.579725225,5334986.9903647,690309.07730191
165,2016-11-07 06:58:14,2016-11-07 07:08:43,5332435.112964,691573.535404314,5334974.46641582,690340.855887534
166,2016-11-07 06:58:20,2016-11-07 07:16:56,5339888.07997519,691039.968196686,5332105.42752906,695374.623672397
167,2016-11-07 06:58:38,2016-11-07 07:23:35,5333363.99176203,696378.357923478,5335156.16367809,690359.200480597
168,2016-11-07 06:58:41,2016-11-07 07:25:53,5340290.55126954,693607.07693845,5334648.95712397,688824.586973783
169,2016-11-07 06:59:05,2016-11-07 07:18:44,5333832.98655592,693051.251376288,5334956.20150656,690336.161019967
170,2016-11-07 06:59:26,2016-11-07 07:12:35,5337197.98869311,692550.564243841,5335157.72571055,690351.724899125
171,2016-11-07 06:59:32,2016-11-07 07:14:58,5337304.10803156,681859.446831947,5338626.22234029,686001.913589017
172,2016-11-07 06:59:50,2016-11-07 07:08:05,5336670.80552951,690354.671076499,5335159.74109614,690357.869383665
173,2016-11-07 07:00:56,2016-11-07 07:19:53,5341130.94449804,689482.071670426,5345518.33041649,683661.60383847
174,2016-11-07 07:00:58,2016-11-07 07:39:47,5338036.95326758,683908.742948108,5359535.47476516,706691.979089497
175,2016-11-07 07:01:50,2016-11-07 07:18:08,5334812.83733238,690245.328939958,5335222.30943814,689734.03383731
176,2016-11-07 07:02:08,2016-11-07 07:08:05,5337793.60020601,688086.875436814,5336640.81277624,686644.645788846
177,2016-11-07 07:02:11,2016-11-07 07:08:32,5336334.06677758,689894.358283983,5335085.64960731,690987.109292407
178,2016-11-07 07:02:17,2016-11-07 07:17:29,5334846.86068081,690451.462765291,5333962.26802129,692884.286877897
179,2016-11-07 07:03:32,2016-11-07 07:08:17,5339172.92284218,690257.706611181,5338971.11388934,689225.071190861
180,2016-11-07 07:03:37,2016-11-07 07:41:53,5334601.35040692,691640.11553364,5343470.28602256,684024.974269841
181,2016-11-07 07:05:14,2016-11-07 08:12:59,5331093.51193299,689431.317560342,5359529.0547978,706664.900063218
182,2016-11-07 07:05:17,2016-11-07 07:41:23,5334033.98752572,691542.442373451,5359137.88418904,706318.16839916
183,2016-11-07 07:05:56,2016-11-07 07:21:02,5338008.54668398,690285.435636349,5335150.03918643,690365.615920685
184,2016-11-07 07:05:59,2016-11-07 07:13:05,5338014.89846274,692609.810545991,5337720.27685132,692572.644329438
185,2016-11-07 07:06:08,2016-11-07 07:44:02,5328679.39287219,687965.512127997,5334969.92914924,690340.55237468
186,2016-11-07 07:06:41,2016-11-07 07:22:53,5336549.83986684,691504.088204137,5332944.3645034,691341.725699935
187,2016-11-07 07:06:43,2016-11-07 07:15:08,5335689.3389566,688496.966444923,5335149.44543335,690510.926230422
188,2016-11-07 07:06:53,2016-11-07 07:25:35,5336320.98066232,688706.220387903,5335153.53601478,690361.863470503
189,2016-11-07 07:06:53,2016-11-07 07:28:35,5334017.3875537,695150.390099248,5334295.78827314,691438.063092096
190,2016-11-07 07:06:56,2016-11-07 07:43:29,5334753.36908375,690417.303847961,5342641.87987416,682814.775746505
191,2016-11-07 07:06:59,2016-11-07 07:56:47,5331969.02411917,694852.78010316,5335370.266234,682541.42568135
192,2016-11-07 07:07:35,2016-11-07 07:44:08,5342095.96494966,694083.81765215,5341375.88430704,692042.760603693
193,2016-11-07 07:07:47,2016-11-07 07:14:11,5335547.35368058,694929.420789972,5336359.60645932,694664.813773161
194,2016-11-07 07:08:02,2016-11-07 07:32:05,5334243.97970445,685244.561796812,5332513.57904766,689688.534427456
195,2016-11-07 07:08:50,2016-11-07 08:14:53,5332557.01756578,684733.117848027,5359538.09048948,706714.06605569
196,2016-11-07 07:08:55,2016-11-07 07:14:52,5333571.07294262,689987.484009259,5334966.8906732,690358.076772776
197,2016-11-07 07:09:05,2016-11-07 07:18:14,5335238.75049201,696600.676067694,5335397.4194363,700621.764674522
198,2016-11-07 07:09:05,2016-11-07 07:44:56,5341883.29132531,691568.223897345,5333672.00833019,690517.85865204
199,2016-11-07 07:09:23,2016-11-07 07:16:23,5333405.55719882,689856.436115613,5335175.28505013,690389.621758487
200,2016-11-07 07:09:47,2016-11-07 07:44:05,5333973.91377867,691235.321267995,5322401.48672598,693447.90741499
201,2016-11-07 07:09:59,2016-11-07 07:18:53,5334826.19087421,693745.021962277,5333279.42827555,692692.399349229
202,2016-11-07 07:10:08,2016-11-07 07:29:14,5335086.84920422,693928.612670651,5334768.13888401,692077.559273662
203,2016-11-07 07:10:56,2016-11-07 07:42:53,5336732.44535173,691711.382334884,5359516.67495992,706274.823110265
204,2016-11-07 07:11:02,2016-11-07 07:35:17,5336345.97492693,690524.380795981,5330667.80633915,682085.388594959
205,2016-11-07 07:11:38,2016-11-07 07:24:20,5331887.7403449,696263.768587635,5334410.92178321,693246.465124855
206,2016-11-07 07:11:44,2016-11-07 07:32:38,5334768.53692032,688084.616769846,5334985.38798261,690315.342381131
207,2016-11-07 07:12:26,2016-11-07 07:22:59,5336689.05084165,689514.064944981,5335151.64150968,690359.351007107
208,2016-11-07 07:14:07,2016-11-07 07:34:20,5331856.67527615,686032.14914744,5334982.13584645,690299.239432915
209,2016-11-07 07:14:20,2016-11-07 07:33:50,5334627.24002318,690409.078637694,5341335.70830989,692597.121405039
210,2016-11-07 07:14:45,2016-11-07 07:44:08,5337063.46123883,691727.087513627,5359507.96291367,706682.568943354
211,2016-11-07 07:14:50,2016-11-07 07:31:59,5338445.24177335,690646.704206025,5333840.45354389,695881.589332876
212,2016-11-07 07:15:35,2016-11-07 07:29:50,5332280.08803482,692135.027616767,5326760.47718487,695561.985276114
213,2016-11-07 07:16:14,2016-11-07 07:28:35,5334119.71348258,691317.275050532,5334943.78626568,690343.998063751
214,2016-11-07 07:16:47,2016-11-07 07:50:20,5334007.01362949,691656.239188501,5359505.0849617,706678.146738618
215,2016-11-07 07:17:35,2016-11-07 07:33:23,5330352.70347221,688547.892068246,5334973.42599613,690336.799840652
216,2016-11-07 07:17:41,2016-11-07 07:33:41,5336099.40431441,689398.346820512,5335155.83625788,690349.363760502
217,2016-11-07 07:18:10,2016-11-07 07:19:49,5336344.19611901,702970.270256306,5335826.55528253,702494.555098109
218,2016-11-07 07:19:02,2016-11-07 07:58:14,5332013.53926369,695653.515799605,5359329.56723447,706757.576502988
219,2016-11-07 07:19:17,2016-11-07 07:58:02,5334175.92097531,700855.875264512,5359494.86284051,706695.872564796
220,2016-11-07 07:19:20,2016-11-07 07:23:05,5335984.74947673,689817.952336205,5335163.43942205,690360.170306834
221,2016-11-07 07:19:20,2016-11-07 07:24:08,5339534.75627573,692704.966454937,5338350.15809277,693099.72088704
222,2016-11-07 07:19:20,2016-11-07 08:18:32,5335724.45534836,683988.013317478,5359108.76086235,706339.147108454
223,2016-11-07 07:19:32,2016-11-07 07:26:32,5337863.71413178,685996.910241659,5336913.71616276,687679.208069244
224,2016-11-07 07:19:59,2016-11-07 08:07:02,5339309.24950542,683831.758662198,5359506.62492641,706670.696549405
225,2016-11-07 07:20:05,2016-11-07 07:42:23,5338814.60593435,696127.934055305,5338082.15701151,691701.997982121
226,2016-11-07 07:20:26,2016-11-07 07:29:47,5333496.95539509,691782.592765985,5334891.49678542,691598.12214479
227,2016-11-07 07:20:29,2016-11-07 07:37:14,5336560.79477442,690341.067597977,5333878.40064733,692410.36593019
228,2016-11-07 07:21:08,2016-11-07 07:32:59,5333383.15521303,685446.248583752,5329810.48597655,686031.611711206
229,2016-11-07 07:21:17,2016-11-07 07:34:23,5337644.98808195,690705.664199373,5335155.62974013,690343.159063968
230,2016-11-07 07:21:32,2016-11-07 07:37:34,5334528.360255,690349.035590236,5334373.6858325,692087.169006403
231,2016-11-07 07:21:35,2016-11-07 07:36:23,5334853.78412233,686374.082036322,5335741.85599869,683091.661231099
232,2016-11-07 07:21:59,2016-11-07 07:43:59,5334654.05918254,690153.792454288,5338981.2631587,688573.727098182
233,2016-11-07 07:23:26,2016-11-07 07:45:23,5336562.39984848,688366.856297458,5334710.94242355,694058.031495606
234,2016-11-07 07:23:47,2016-11-07 07:49:17,5332580.98265001,688412.384156946,5329845.37848619,697066.890179278
235,2016-11-07 07:23:47,2016-11-07 07:41:35,5340124.5128675,692874.740425865,5335149.95858647,690363.194571429
236,2016-11-07 07:24:13,2016-11-07 07:30:38,5334929.72727969,691928.196442496,5334463.44320601,692117.64181045
237,2016-11-07 07:24:32,2016-11-07 07:43:11,5332912.26834209,697906.305671031,5330958.23943087,697540.354758719
238,2016-11-07 07:24:59,2016-11-07 07:57:31,5335076.26118269,687778.015698196,5331977.60577957,686465.363342206
239,2016-11-07 07:25:26,2016-11-07 07:44:56,5337897.22682517,690829.89909168,5339252.25560482,691033.98774986
240,2016-11-07 07:25:29,2016-11-07 07:41:32,5334695.97513773,692408.929547892,5335161.92273909,690369.007885928
241,2016-11-07 07:25:35,2016-11-07 07:38:41,5336358.04824177,690886.296791115,5333917.5978005,690088.86999704
242,2016-11-07 07:25:56,2016-11-07 08:17:41,5336934.53254424,690606.542650981,5359521.6524663,706262.268501347
243,2016-11-07 07:27:05,2016-11-07 07:51:17,5333773.8742175,692613.767255952,5334598.21821904,689371.255652424
244,2016-11-07 07:27:11,2016-11-07 07:58:47,5331765.99813974,692033.128980843,5339049.21404295,690891.95220262
245,2016-11-07 07:27:20,2016-11-07 07:42:53,5331913.41780341,689391.762075265,5334316.63467753,691167.951770384
246,2016-11-07 07:27:32,2016-11-07 08:17:29,5328495.6262667,699796.246733192,5336680.32013788,692477.427174479
247,2016-11-07 07:27:41,2016-11-07 07:52:11,5329959.94176268,686923.64581926,5324384.10959489,687020.835282732
248,2016-11-07 07:28:11,2016-11-07 07:40:14,5332260.25903256,689831.075078686,5334978.0266267,690311.799680261
249,2016-11-07 07:28:29,2016-11-07 07:39:11,5333024.17684946,687516.366817583,5335392.62152261,679558.812703159
250,2016-11-07 07:29:05,2016-11-07 07:50:17,5336074.24351419,689431.444570778,5334720.25150508,690211.136411247
251,2016-11-07 07:29:11,2016-11-07 07:39:41,5336638.18022565,691492.343683989,5335163.81220012,690371.369015871
252,2016-11-07 07:29:56,2016-11-07 07:55:38,5334731.81876535,689659.702896018,5338644.13700099,696726.766871728
253,2016-11-07 07:30:32,2016-11-07 07:56:02,5334766.12164809,692071.414849939,5337585.80654002,692424.521511073
254,2016-11-07 07:30:38,2016-11-07 08:01:14,5331733.68387868,691825.46525483,5335233.66247458,692565.829477102
255,2016-11-07 07:30:53,2016-11-07 07:49:08,5335582.40089671,686478.187370989,5335961.64267974,689721.924382591
256,2016-11-07 07:31:26,2016-11-07 08:04:05,5333470.61409505,693420.992994597,5359324.28619283,706712.044599474
257,2016-11-07 07:31:41,2016-11-07 08:14:47,5336587.20853217,684351.139006727,5359518.19713659,706690.04303144
258,2016-11-07 07:31:59,2016-11-07 07:48:17,5333741.70390283,694473.271368822,5333401.1402847,697562.7734873
259,2016-11-07 07:32:02,2016-11-07 07:48:23,5335212.49348874,694695.084142304,5337265.72560389,694869.624065475
260,2016-11-07 07:32:08,2016-11-07 07:36:26,5340302.9957063,693707.015980225,5339883.22347732,692861.848508184
261,2016-11-07 07:32:17,2016-11-07 07:55:53,5335161.05632679,690342.978447786,5335125.21219997,680669.211730019
262,2016-11-07 07:32:41,2016-11-07 07:46:44,5335174.21200862,690357.387701892,5336394.82107394,691660.602087507
263,2016-11-07 07:32:53,2016-11-07 07:41:05,5337194.78867458,692321.069150174,5338816.5905978,692861.985814659
264,2016-11-07 07:33:38,2016-11-07 07:52:05,5336425.32885655,689506.752995658,5334795.65257704,692007.089700671
265,2016-11-07 07:33:38,2016-11-07 07:40:47,5333733.56274317,693297.838005188,5332670.86524457,693065.603158789
266,2016-11-07 07:33:58,2016-11-07 07:45:01,5335752.99777464,692903.286850977,5335156.12337917,690357.989803584
267,2016-11-07 07:34:02,2016-11-07 07:49:23,5334203.70500288,694745.640135036,5335128.53032043,693635.540581915
268,2016-11-07 07:34:05,2016-11-07 07:47:47,5329695.79849332,690775.786879397,5328343.79575426,688305.808468403
269,2016-11-07 07:35:05,2016-11-07 08:01:23,5334740.6146867,689597.291748769,5338940.30752918,692744.858449789
270,2016-11-07 07:35:56,2016-11-07 07:41:20,5334734.32856525,693224.326752284,5334666.33448777,693997.571702224
271,2016-11-07 07:36:08,2016-11-07 07:57:32,5334646.52184212,690144.952153923,5330757.79089524,689135.706039733
272,2016-11-07 07:36:23,2016-11-07 08:23:38,5335590.03852244,688698.080697728,5359522.81702263,706667.692507538
273,2016-11-07 07:36:26,2016-11-07 07:43:38,5333334.60918817,691124.991756003,5334970.05506883,690344.335847439
274,2016-11-07 07:36:32,2016-11-07 07:43:02,5335332.45918533,693480.91829192,5335355.4276256,691175.50203529
275,2016-11-07 07:36:47,2016-11-07 07:58:02,5334862.51462482,693774.852690131,5341839.61882947,693467.678930928
276,2016-11-07 07:37:06,2016-11-07 08:24:14,5335545.76265667,687434.483486632,5329716.43892101,695894.7426472
277,2016-11-07 07:37:30,2016-11-07 07:44:08,5333882.23569673,693784.87615373,5334804.73393753,693324.980697539
278,2016-11-07 07:37:32,2016-11-07 07:58:20,5334143.51718168,691325.116244949,5334820.70945785,688871.035233668
279,2016-11-07 07:37:44,2016-11-07 07:53:20,5337214.0381597,696058.834597847,5343109.27849168,697620.311418025
280,2016-11-07 07:37:56,2016-11-07 07:52:23,5337281.72646765,692106.113251033,5334969.88885558,690339.341665774
281,2016-11-07 07:38:08,2016-11-07 08:18:50,5337065.53400016,691734.893623783,5359524.74896222,706720.738894802
282,2016-11-07 07:38:17,2016-11-07 08:12:23,5337460.67287158,687599.159359852,5336136.94061866,691800.731876482
283,2016-11-07 07:38:26,2016-11-07 07:56:40,5340378.79884657,693699.448957144,5341425.31124688,693933.033483326
284,2016-11-07 07:38:50,2016-11-07 07:48:26,5340002.69135687,690839.043263533,5343900.10396777,690172.041445139
285,2016-11-07 07:38:56,2016-11-07 07:48:41,5336000.28617469,689767.751700161,5335425.82296413,690054.962024583
286,2016-11-07 07:38:59,2016-11-07 07:49:17,5337208.07471166,690283.469031668,5335157.68541346,690350.514229923
287,2016-11-07 07:39:02,2016-11-07 07:52:49,5336939.53768231,693931.516091626,5334908.4819108,692239.207153451
288,2016-11-07 07:39:32,2016-11-07 08:06:23,5333353.71787876,689931.353918003,5332411.74091116,680692.785016103
289,2016-11-07 07:40:20,2016-11-07 07:57:50,5334292.32391976,696674.277566852,5332450.29021357,692968.756783137
290,2016-11-07 07:40:26,2016-11-07 08:10:02,5337022.51556182,691450.994497592,5359510.28658601,706671.770406441
291,2016-11-07 07:40:29,2016-11-07 07:51:56,5335562.83305121,688422.212466822,5334969.73768305,691501.110560724
292,2016-11-07 07:40:29,2016-11-07 08:15:34,5330080.03805883,694047.378093184,5332460.75779813,685368.229876511
293,2016-11-07 07:41:08,2016-11-07 07:53:59,5335166.68943116,690349.00251621,5336507.27102067,689301.832447815
294,2016-11-07 07:41:20,2016-11-07 07:44:05,5338520.35251086,693526.878987672,5337793.90810558,692876.522000562
295,2016-11-07 07:41:22,2016-11-07 07:59:37,5338917.37915932,692763.044100953,5340984.94236242,690942.578472928
296,2016-11-07 07:41:23,2016-11-07 07:56:29,5337394.60339015,696781.001217764,5340312.12430557,693762.563307693
297,2016-11-07 07:41:38,2016-11-07 07:51:05,5335210.88500567,696606.634054598,5334894.13408205,701194.34339749
298,2016-11-07 07:41:59,2016-11-07 07:54:38,5337128.72060567,692133.520105576,5335385.93746524,690651.968681691
299,2016-11-07 07:42:23,2016-11-07 08:05:20,5335122.69517843,693516.650777186,5340513.65796081,691280.743762797
300,2016-11-07 07:42:26,2016-11-07 08:03:16,5334457.12285068,692145.128513998,5335495.49196624,691329.586253301
301,2016-11-07 07:42:47,2016-11-07 08:06:26,5333809.32888924,693020.983135054,5330152.02164386,689216.515738862
302,2016-11-07 07:43:29,2016-11-07 07:56:14,5332639.44020891,686242.686317558,5334613.90727186,679323.913164093
303,2016-11-07 07:43:29,2016-11-07 07:48:02,5337662.62879483,682795.751219694,5338563.0027227,682072.357317591
304,2016-11-07 07:43:50,2016-11-07 07:56:02,5336458.11044506,690438.699523676,5339716.65474068,689781.970536304
305,2016-11-07 07:44:23,2016-11-07 08:01:38,5338464.43419801,691653.285491982,5339609.61640192,685504.87404589
306,2016-11-07 07:44:38,2016-11-07 08:08:53,5334648.47292884,691560.201800319,5329930.62021031,696886.216671879
307,2016-11-07 07:44:41,2016-11-07 07:58:59,5331669.35638342,692067.296600876,5334213.41015701,692947.797648531
308,2016-11-07 07:46:20,2016-11-07 08:32:17,5329392.69309097,695747.927023656,5335238.86324131,685965.691574837
309,2016-11-07 07:46:23,2016-11-07 08:38:20,5335161.01603154,690341.767779339,5336542.99416626,694652.358516244
310,2016-11-07 07:46:26,2016-11-07 08:08:14,5334735.63519392,690265.320839977,5336817.82511773,695223.733345706
311,2016-11-07 07:46:29,2016-11-07 07:56:23,5340088.7631947,692378.674016313,5340956.35863846,692571.477565489
312,2016-11-07 07:47:32,2016-11-07 08:05:20,5333919.37767283,692632.508974211,5334966.27112826,690339.462067113
313,2016-11-07 07:47:59,2016-11-07 07:56:02,5334748.08252483,690203.998865977,5335875.10476373,689678.897196101
314,2016-11-07 07:47:59,2016-11-07 07:58:35,5336764.75989757,690891.345486964,5336253.8269155,688811.284452281
315,2016-11-07 07:49:02,2016-11-07 08:13:14,5335924.19100424,688425.149382637,5335889.43851946,690219.361725825
316,2016-11-07 07:49:56,2016-11-07 08:09:50,5335034.35071675,697002.415444233,5334683.6208451,701104.91338313
317,2016-11-07 07:50:05,2016-11-07 07:59:08,5343905.03685127,690157.052474724,5343009.05053798,690359.249482527
318,2016-11-07 07:50:08,2016-11-07 08:16:49,5338356.48330235,692589.6643219,5359113.42052259,706317.850357066
319,2016-11-07 07:50:26,2016-11-07 08:29:29,5335852.14526178,691624.260452574,5339356.44921056,695821.660293452
320,2016-11-07 07:50:32,2016-11-07 08:19:53,5335498.95816378,693022.300225739,5359298.20601182,706293.930388372
321,2016-11-07 07:50:44,2016-11-07 08:30:08,5337352.07557332,690908.986000324,5359526.88044214,706704.665878856
322,2016-11-07 07:50:53,2016-11-07 08:29:14,5338273.23992998,692967.097118419,5324787.98299598,688709.762336986
323,2016-11-07 07:51:05,2016-11-07 08:10:50,5334778.61582321,694371.051362183,5335147.73666955,690350.84537229
324,2016-11-07 07:51:11,2016-11-07 08:10:05,5332009.68389398,691766.647918726,5334585.10089415,691046.098357568
325,2016-11-07 07:51:17,2016-11-07 08:03:35,5338080.38187433,694675.568678774,5335221.15827502,692382.626109699
326,2016-11-07 07:52:53,2016-11-07 08:12:02,5335654.67508035,695208.764952198,5339032.08524125,688302.869463737
327,2016-11-07 07:53:02,2016-11-07 08:09:47,5338186.38967299,679555.546701736,5332323.64372394,680798.622505479
328,2016-11-07 07:53:08,2016-11-07 08:13:47,5329963.19372532,686912.319051787,5331590.22797741,684006.868466432
329,2016-11-07 07:53:11,2016-11-07 08:47:26,5339146.64295348,676993.13952862,5359492.69722457,706686.142895071
330,2016-11-07 07:53:50,2016-11-07 08:43:08,5338504.096277,702310.361582198,5335149.87295014,690360.621888302
331,2016-11-07 07:53:53,2016-11-07 08:22:56,5332194.39700942,692198.689270338,5339096.58616854,701882.493356853
332,2016-11-07 07:54:14,2016-11-07 08:12:05,5336722.54619961,691740.189534369,5335578.12175568,688666.207334102
333,2016-11-07 07:54:32,2016-11-07 08:16:41,5340266.92574663,695782.115452457,5336820.35227891,695244.70137167
334,2016-11-07 07:54:41,2016-11-07 08:04:53,5335082.8169504,696963.623488897,5335055.99411531,700103.691276166
335,2016-11-07 07:54:50,2016-11-07 08:17:02,5339424.59806288,693463.99740992,5334397.89137801,686886.656787718
336,2016-11-07 07:55:07,2016-11-07 08:24:05,5334005.5688019,691234.263132969,5336062.95965146,699871.201145981
337,2016-11-07 07:55:11,2016-11-07 08:06:59,5332812.69976016,694260.206444566,5332177.80798166,692970.515215784
338,2016-11-07 07:55:23,2016-11-07 08:03:11,5334945.70944284,697031.530895044,5334688.82918129,701098.517068558
339,2016-11-07 07:55:35,2016-11-07 08:14:47,5336885.17084742,682321.786236485,5337660.81943275,686300.005587043
340,2016-11-07 07:55:50,2016-11-07 08:02:49,5336650.61902367,691431.18950051,5335048.64598517,690773.661193986
341,2016-11-07 07:56:11,2016-11-07 08:12:05,5335921.70464657,693019.239945745,5335166.72972823,690350.213190935
342,2016-11-07 07:56:17,2016-11-07 08:00:02,5335246.85487034,692473.573381453,5334951.48900565,692063.977767679
343,2016-11-07 07:56:20,2016-11-07 08:11:02,5336661.13907411,694691.656693009,5336215.80162962,699839.800322958
344,2016-11-07 07:57:05,2016-11-07 08:28:05,5338388.28940027,688521.230696772,5326880.21830989,694743.7074202
345,2016-11-07 07:57:44,2016-11-07 08:20:01,5335041.23173593,687786.589296638,5336677.55757405,692287.732518151
346,2016-11-07 07:58:32,2016-11-07 08:16:08,5340269.98092165,682112.234343006,5344090.95563224,683534.107677885
347,2016-11-07 07:58:37,2016-11-07 08:49:17,5330751.7010038,689170.627006437,5340528.74367135,691001.127098599
348,2016-11-07 07:58:56,2016-11-07 08:21:44,5340104.2225724,692836.975967933,5335347.08950233,688853.652045765
349,2016-11-07 07:58:59,2016-11-07 08:05:11,5335207.22569346,696605.547723943,5334971.97947156,699772.656726951
350,2016-11-07 07:59:08,2016-11-07 08:23:20,5333944.99797295,693231.139026917,5335217.9486638,689711.756736537
351,2016-11-07 07:59:47,2016-11-07 08:21:47,5334053.92560946,688846.805827581,5335227.91993466,691748.202489264
352,2016-11-07 07:59:47,2016-11-07 08:44:26,5340432.25897176,692549.498835894,5335238.5892113,689733.493709529
353,2016-11-07 07:59:56,2016-11-07 08:21:58,5336681.9760356,691529.348457037,5334925.82810747,689366.620650872
354,2016-11-07 07:59:59,2016-11-07 08:14:56,5335894.23450451,689190.496965505,5337012.49625426,690147.312493811
